DATA RIO,,,,,,,,,,,,,,,,,,,,,,,,,,,
"Tabela 2631 - Número de empregados por atividade econômica segundo as Áreas de Planejamento (AP), Regiões Administrativas (RA) e Bairros - Município do Rio de Janeiro - 2020",,,,,,,,,,,,,,,,,,,,,,,,,,,
,,,,,,,,,,,,,,,,,,,,,,,,,,,
Bairros,Extrativa mineral,Minerais não-metálicos,Indústria metalúrgica,Indústria mecânica,Indústria do material elétrico e de comunicações,Indústria de material de transporte,Indústria da madeira e do mobiliário,"Indústria do papel, papelão, editorial e gráfica","Indústria da borracha, fumo, couros, peles, similares e diversas","Indústria química de produtos farmacêuticos, veterinários, perfumaria...",Indústria têxtil do vestuário e artefatos de tecidos,Indústria de calçados,"Indústria de produtos alimentícios, bebidas e álcool etílico",Serviços industriais de utilidade pública ,Construção civil,Comércio varejista,Comércio atacadista,"Instituições de crédito, seguros e capitalização","Comércio e administração de imóveis, valores mobiliários, serviços técnicos",Transportes e comunicações,"Serviços de alojamento, alimentação, reparação, manutenção, redação...","Serviços médicos, odontológicos e veterinários",Ensino,Administração pública direta e autárquica,"Agricultura, silvicultura, criação de animais, extrativismo vegetal",Outros/ignorado,Total
,,,,,,,,,,,,,,,,,,,,,,,,,,,
Total ,  9 175,  3 774,  11 884,  8 179,  2 285,  2 610,  1 921,  11 545,  11 176,  28 899,  15 721,   142,  30 204,  37 922,  80 934,  288 448,  66 041,  59 475,  387 592,  134 137,  250 923,  113 186,  132 922,  381 972,  3 148,   0, 2 074 215
,,,,,,,,,,,,,,,,,,,,,,,,,,,
Área de Planejamento 1,  3 603,   279,   546,   963,   255,   558,   114,  4 233,  1 739,  11 944,  3 566,   0,  4 908,  10 728,  24 959,  27 943,  12 453,  37 093,  120 855,  42 774,  53 385,  19 534,  15 594,  324 327,   521,   0,  722 874
Região de Planejamento 1.1,  3 603,   279,   546,   963,   255,   558,   114,  4 233,  1 739,  11 944,  3 566,   0,  4 908,  10 728,  24 959,  27 943,  12 453,  37 093,  120 855,  42 774,  53 385,  19 534,  15 594,  324 327,   521,   0,  722 874
I Portuária,   327,   17,   8,   105,   128,   289,   17,   689,   404,   111,   35,   0,   190,   90,   944,  2 289,  2 772,  4 691,  2 319,  8 254,  1 631,  2 479,   834,  69 630,   11,   0,  98 264
Saúde,-,   5,-,   18,-,   132,-,   14,   62,   37,   11,-,-,-,   82,  1 518,  1 907,  1 785,  1 390,   375,   566,  2 447,   785,  1 682,   5,-,  12 821
Gamboa,-,   10,   1,   60,-,-,-,   6,   49,   1,   2,-,   38,-,   102,   63,   28,   16,   51,   283,   82,   1,   28,-,-,-,   821
Santo Cristo,   327,-,   7,   27,-,   54,   17,   9,   289,   2,   22,-,   152,-,   541,   520,   245,   363,   805,  5 235,   577,   17,   3,  67 948,-,-,  77 160
Caju,-,   2,-,-,   128,   103,-,   660,   4,   71,-,-,-,   90,   219,   188,   592,  2 527,   73,  2 361,   406,   14,   18,-,   6,-,  7 462
II Centro,  3 276,   175,   354,   608,   64,   247,   29,  2 477,   707,  9 653,   189,   0,  3 545,  4 219,  19 457,  17 042,  2 608,  31 472,  85 771,  23 321,  42 420,  8 398,  9 872,  162 517,   495,   0,  428 916
Centro,  3 276,   175,   354,   608,   64,   247,   29,  2 477,   707,  9 653,   189,-,  3 545,  4 219,  19 457,  17 042,  2 608,  31 472,  85 771,  23 321,  42 420,  8 398,  9 872,  162 517,   495,-,  428 916
III Rio Comprido,   0,   46,   26,   65,   6,   0,   0,   88,   13,   889,   780,   0,   272,  6 162,   511,  2 639,  2 482,   633,  13 427,  5 866,  3 692,  1 250,  1 678,  82 091,   0,   0,  122 616
Catumbi,-,   22,   18,   9,-,-,-,-,-,   17,   1,-,   13,-,   7,   449,   15,   1,   103,   12,   210,   4,   80,-,-,-,   961
Rio Comprido,-,-,   4,   43,   4,-,-,   66,   13,   30,   744,-,   212,-,   303,  1 376,   199,   217,  8 267,   204,  2 041,  1 222,  1 193,-,-,-,  16 138
Cidade Nova,-,   24,-,   4,   2,-,-,-,-,   842,   3,-,   4,  5 160,   164,   330,  1 918,   368,  2 424,  5 562,  1 082,   9,   369,  82 091,-,-,  100 356
Estácio,-,-,   4,   9,-,-,-,   22,-,-,   32,-,   43,  1 002,   37,   484,   350,   47,  2 633,   88,   359,   15,   36,-,-,-,  5 161
VII São Cristóvão,   0,   41,   158,   166,   57,   22,   68,   976,   610,  1 291,  2 562,   0,   871,   257,  3 988,  5 835,  4 577,   291,  19 008,  5 311,  5 164,  6 766,  2 976,  10 089,   15,   0,  71 099
São Cristóvão,-,   41,   102,   114,   26,   22,   40,   740,   555,   534,  2 450,-,   782,   241,  3 136,  3 472,  3 105,   184,  17 724,  4 187,  3 026,  6 339,  2 693,  9 989,-,-,  59 502
Mangueira,-,-,-,-,-,-,-,-,-,-,-,-,   4,-,   6,   70,-,-,   5,   43,   181,   1,-,   42,-,-,   352
Benfica,-,-,   56,   52,   31,-,   28,   236,   55,   757,   112,-,   85,   16,   846,  2 293,  1 472,   107,  1 279,  1 081,  1 957,   426,   283,   58,   15,-,  11 245
Vasco da Gama,-,-,-,-,-,-,-,-,-,-,-,-,-,-,-,-,-,-,-,-,-,-,-,-,-,-,   0
XXI Paquetá,   0,   0,   0,   0,   0,   0,   0,   0,   0,   0,   0,   0,   0,   0,   1,   59,   0,   0,   3,   3,   83,   0,   0,   0,   0,   0,   149
Paquetá,-,-,-,-,-,-,-,-,-,-,-,-,-,-,   1,   59,-,-,   3,   3,   83,-,-,-,-,-,   149
XXIII Santa Teresa,   0,   0,   0,   19,   0,   0,   0,   3,   5,   0,   0,   0,   30,   0,   58,   79,   14,   6,   327,   19,   395,   641,   234,   0,   0,   0,  1 830
Santa Teresa,-,-,-,   19,-,-,-,   3,   5,-,-,-,   30,-,   58,   79,   14,   6,   327,   19,   395,   641,   234,-,-,-,  1 830
,,,,,,,,,,,,,,,,,,,,,,,,,,,   0
Área de Planejamento 2,  2 854,   11,   77,   412,   25,   37,   26,   793,  1 429,  1 242,   695,   1,  2 729,  2 004,  8 205,  53 918,  2 934,  7 924,  82 588,  14 079,  66 603,  38 476,  39 972,  15 159,   223,   0,  342 416
Região de Planejamento 2.1,  2 089,   10,   34,   404,   23,   37,   23,   643,  1 108,   183,   376,   1,  1 758,  1 969,  5 225,  37 940,  1 800,  6 277,  60 443,  10 406,  50 240,  27 933,  22 412,  11 048,   210,   0,  242 592
IV Botafogo,  1 922,   1,   11,   391,   23,   16,   17,   511,   538,   155,   131,   0,   737,  1 921,  3 599,  15 192,   940,  3 762,  30 055,  6 059,  18 666,  15 302,  13 526,  5 753,   79,   0,  119 307
Flamengo,-,   1,   3,   11,   8,-,   6,   4,   18,-,   6,-,   88,   423,   146,  2 245,   244,   114,  4 695,   580,  2 354,   428,  1 323,-,   33,-,  12 730
Glória,   611,-,-,   24,-,   4,   3,   2,   21,-,-,-,   36,   4,   39,   882,   53,   251,  1 313,   929,  1 640,   718,   206,   726,-,-,  7 462
Laranjeiras,-,-,-,   3,   8,-,-,-,   54,   5,   4,-,   54,-,   998,  1 555,   26,   111,  2 432,   79,  2 622,  3 059,  2 145,  3 921,-,-,  17 076
Catete,-,-,-,   8,-,-,-,-,   4,-,   2,-,   15,-,   95,  1 530,   57,   278,  1 315,   103,  1 562,   371,   86,   73,-,-,  5 499
Cosme Velho,-,-,-,-,-,-,-,   1,   3,-,-,-,   9,-,   2,   113,   1,-,   529,   1,   163,   974,   283,-,-,-,  2 079
Botafogo,  1 311,-,   8,   343,   7,   12,   8,   504,   219,   150,   94,-,   508,  1 494,  2 319,  8 282,   554,  2 840,  18 721,  4 308,  9 421,  7 644,  8 760,   967,   45,-,  68 519
Humaitá,-,-,-,   2,-,-,-,-,   219,-,   25,-,   27,-,-,   399,   3,   128,   880,   48,   666,  2 064,   706,   66,   1,-,  5 234
Urca,-,-,-,-,-,-,-,-,-,-,-,-,-,-,-,   186,   2,   40,   170,   11,   238,   44,   17,-,-,-,   708
V Copacabana,   138,   0,   11,   6,   0,   13,   0,   11,   214,   14,   151,   1,   443,   0,   544,  9 048,   263,   752,  12 289,  1 738,  11 959,  7 287,  1 503,   128,   15,   0,  46 528
Leme,-,-,-,-,-,-,-,-,   2,-,-,-,-,-,   1,   330,   2,   23,   558,   6,   497,   14,-,-,   2,-,  1 435
Copacabana,   138,-,   11,   6,-,   13,-,   11,   212,   14,   151,   1,   443,-,   543,  8 718,   261,   729,  11 731,  1 732,  11 462,  7 273,  1 503,   128,   13,-,  45 093
VI Lagoa,   29,   9,   12,   7,   0,   8,   6,   121,   356,   14,   94,   0,   578,   48,  1 082,  13 698,   597,  1 763,  18 099,  2 609,  19 615,  5 344,  7 383,  5 167,   116,   0,  76 755
Ipanema,   3,-,   2,-,-,   7,-,   33,   161,   9,   28,-,   181,   13,   521,  4 561,   437,   521,  5 347,   696,  5 377,  2 040,   989,-,   70,-,  20 996
Leblon,   1,   5,   2,-,-,   1,   6,   3,   42,   4,   52,-,   190,-,   412,  4 503,   67,   887,  6 045,  1 646,  4 797,  1 020,   617,-,   25,-,  20 325
Lagoa,-,-,-,-,-,-,-,-,-,-,-,-,   8,-,   12,   358,-,   50,  1 603,   5,  1 383,   136,   333,-,-,-,  3 888
Jardim Botânico,-,-,-,   7,-,-,-,   5,   74,-,   4,-,   66,   25,   49,   851,   31,   102,  2 696,   30,  4 402,   683,   739,-,   4,-,  9 768
Gávea,-,   4,-,-,-,-,-,   54,   62,-,   9,-,   120,-,   6,  2 331,   49,   111,  1 279,   148,  2 266,  1 330,  4 437,  5 167,   16,-,  17 389
Vidigal,-,-,   1,-,-,-,-,-,   2,-,   1,-,-,   10,   1,   185,-,   77,   168,   45,   522,   3,   133,-,-,-,  1 148
São Conrado,   25,-,   7,-,-,-,-,   26,   15,   1,-,-,   13,-,   81,   909,   13,   15,   961,   39,   868,   132,   135,-,   1,-,  3 241
XXVII Rocinha,   0,   0,   0,   0,   0,   0,   0,   0,   0,   0,   0,   0,   0,   0,   0,   2,   0,   0,   0,   0,   0,   0,   0,   0,   0,   0,   2
Rocinha,-,-,-,-,-,-,-,-,-,-,-,-,-,-,-,   2,-,-,-,-,-,-,-,-,-,-,   2
Região de Planejamento 2.2,   765,   1,   43,   8,   2,   0,   3,   150,   321,  1 059,   319,   0,   971,   35,  2 980,  15 978,  1 134,  1 647,  22 145,  3 673,  16 363,  10 543,  17 560,  4 111,   13,   0,  99 824
VIII Tijuca,   0,   1,   31,   4,   2,   0,   3,   97,   307,   6,   262,   0,   537,   35,  1 427,  11 372,   484,  1 003,  14 599,  1 447,  10 175,  7 987,  4 688,   711,   13,   0,  55 191
Praça da Bandeira,-,-,   2,-,-,-,-,   2,   89,   1,   118,-,   81,   1,   727,  1 092,   207,   43,  4 012,   635,  2 183,   65,   151,-,   12,-,  9 421
Tijuca,-,-,   29,   4,   2,-,   3,   95,   184,   5,   144,-,   440,   34,   694,  10 205,   277,   954,  10 013,   664,  7 796,  7 919,  4 415,   711,-,-,  44 588
Alto da Boa Vista,-,   1,-,-,-,-,-,-,   34,-,-,-,   16,-,   6,   75,-,   6,   574,   148,   196,   3,   122,-,   1,-,  1 182
IX Vila Isabel,   765,   0,   12,   4,   0,   0,   0,   53,   14,  1 053,   57,   0,   434,   0,  1 553,  4 606,   650,   644,  7 546,  2 226,  6 188,  2 556,  12 872,  3 400,   0,   0,  44 633
Maracanã,   765,-,   4,   2,-,-,-,   2,   6,  1 002,-,-,   222,-,  1 410,  1 114,   478,   136,  1 159,   99,  1 731,  1 899,  11 741,  1 644,-,-,  23 414
Vila Isabel,-,-,   8,   2,-,-,-,   41,   6,   1,   5,-,   133,-,   90,  2 016,   102,   114,  4 489,  1 048,  1 881,   293,   658,-,-,-,  10 887
Andaraí,-,-,-,-,-,-,-,-,-,   50,   18,-,   21,-,   42,   974,   56,   375,   890,  1 024,   754,   48,   153,  1 756,-,-,  6 161
Grajaú,-,-,-,-,-,-,-,   10,   2,-,   34,-,   58,-,   11,   502,   14,   19,  1 008,   55,  1 822,   316,   320,-,-,-,  4 171
,,,,,,,,,,,,,,,,,,,,,,,,,,,   0
Área de Planejamento 3,   83,  1 687,  3 426,  4 507,  1 204,  1 586,   823,  3 150,   767,  7 133,  7 465,   138,  8 177,  2 320,  20 417,  81 763,  28 127,  3 835,  86 549,  39 794,  39 263,  18 020,  40 523,  16 323,   455,   0,  417 535
Região de Planejamento 3.1,   0,   36,   339,   721,   219,   91,   116,  1 087,   118,   621,   666,   1,   626,   255,  3 819,  11 884,  4 300,   527,  25 912,  8 050,  6 903,  4 082,  2 851,  2 541,   0,   0,  75 765
X Ramos,   0,   36,   303,   721,   219,   91,   116,  1 087,   118,   621,   663,   1,   598,   255,  3 815,  11 463,  4 293,   527,  25 906,  6 723,  6 884,  4 081,  2 851,  2 541,   0,   0,  73 913
Manguinhos,-,   24,   77,-,   5,   11,   32,   28,   7,   16,-,-,   127,   2,   65,  1 344,   196,   120,  5 887,   501,  1 406,   21,   321,  2 541,-,-,  12 731
Bonsucesso,-,   9,   98,   360,   79,   4,   18,   788,   76,   273,   312,-,   128,   204,  2 169,  4 493,  1 785,   263,  15 069,  2 137,  3 590,  2 941,  1 564,-,-,-,  36 360
Ramos,-,   3,   87,   259,   66,   56,   52,   191,   32,   295,   151,   1,   170,   47,   911,  2 831,  1 843,   108,  2 984,  2 448,  1 350,   417,   512,-,-,-,  14 814
Olaria,-,-,   41,   102,   69,   20,   14,   80,   3,   37,   200,-,   173,   2,   670,  2 795,   469,   36,  1 966,  1 637,   538,   702,   454,-,-,-,  10 008
XXX Maré,   0,   0,   36,   0,   0,   0,   0,   0,   0,   0,   3,   0,   28,   0,   4,   421,   7,   0,   6,  1 327,   19,   1,   0,   0,   0,   0,  1 852
Maré,-,-,   36,-,-,-,-,-,-,-,   3,-,   28,-,   4,   421,   7,-,   6,  1 327,   19,   1,-,-,-,-,  1 852
Região de Planejamento 3.2,   0,   771,   215,   683,   194,   46,   215,   888,   121,  1 545,  1 265,   0,  1 557,   226,  3 008,  16 881,  2 052,  1 291,  21 752,  3 667,  10 036,  4 144,  5 521,  2 735,   49,   0,  78 862
XIII Méier,   0,   771,   215,   683,   194,   46,   215,   888,   121,  1 545,  1 265,   0,  1 557,   226,  3 008,  16 881,  2 052,  1 291,  21 752,  3 667,  10 036,  4 144,  5 521,  2 735,   49,   0,  78 862
Jacaré,-,   498,   71,   90,   28,-,   13,   146,   48,   545,   84,-,   5,   77,   56,   549,   178,   28,  2 819,   97,   610,   2,   93,-,-,-,  6 037
São Francisco Xavier,-,-,   1,   5,   39,-,   35,   333,   4,-,   10,-,   71,-,   99,   424,   38,   22,  6 573,   72,   258,   51,   76,-,-,-,  8 111
Rocha,-,-,   26,   15,   52,-,   7,   53,   12,   28,   592,-,   257,-,   243,   198,   393,-,  2 673,   14,   323,   5,   117,-,   5,-,  5 013
Riachuelo,-,   4,   3,   13,-,-,   19,   46,-,   80,   298,-,   36,-,   55,   300,   174,-,   395,   73,   174,   3,   379,-,-,-,  2 052
Sampaio,-,-,-,-,   2,-,   3,   4,-,   9,   43,-,   5,-,   12,   244,   43,   13,   100,   39,   345,-,   172,-,-,-,  1 034
Engenho Novo,-,   5,   31,   27,   5,   7,   8,   149,-,   148,   42,-,   111,-,   194,  1 178,   176,   34,  1 462,   542,   485,   440,   314,-,   25,-,  5 383
Lins de Vasconcelos,-,-,-,   29,-,-,-,-,-,   2,-,-,   3,-,   17,   452,   5,   6,   350,   37,   189,   6,   236,  2 735,-,-,  4 067
Méier,-,   3,   7,   38,   1,   2,-,   14,   18,   283,   52,-,   292,-,   173,  4 200,   273,   391,  3 199,   149,  2 973,  2 686,  2 135,-,   1,-,  16 890
Todos os Santos,-,-,   7,   3,-,   11,-,   40,   27,   48,   19,-,   24,   4,   88,   315,   119,   9,   627,   87,   266,   8,   195,-,   3,-,  1 900
Cachambi,-,-,   4,   1,-,-,   8,   4,   1,   17,   7,-,   257,-,   557,   770,   64,   10,   628,   227,   569,   71,   546,-,   7,-,  3 748
Engenho de Dentro,-,   3,   27,   3,   30,-,   1,   42,   3,   60,   84,-,   172,-,   330,  1 069,   116,   10,  1 113,  1 103,   595,   444,   155,-,-,-,  5 360
Água Santa,-,-,-,-,-,-,-,-,-,-,-,-,   16,   15,-,   64,   12,-,   334,   377,   10,-,   12,-,-,-,   840
Encantado,-,-,   9,   14,   22,-,   2,   1,-,-,   7,-,   2,   1,   95,   239,   45,   2,   276,   21,   177,   14,   204,-,   7,-,  1 138
Piedade,-,-,   19,   337,   7,-,   13,   5,   6,   183,   8,-,   232,   8,   283,  1 025,   119,-,   176,   288,  1 088,   90,   99,-,-,-,  3 986
Abolição,-,-,   3,   15,-,   24,   83,   5,   1,   32,   15,-,   21,-,   84,   928,   58,   54,   306,   115,   94,   14,   236,-,   1,-,  2 089
Pilares,-,   258,   7,   93,   8,   2,   23,   46,   1,   110,   4,-,   53,   121,   722,  4 926,   239,   712,   721,   426,  1 880,   310,   552,-,-,-,  11 214
XXVIII Jacarezinho,   0,   0,   0,   0,   0,   0,   0,   0,   0,   0,   0,   0,   0,   0,   0,   0,   0,   0,   0,   0,   0,   0,   0,   0,   0,   0,   0
Jacarezinho,-,-,-,-,-,-,-,-,-,-,-,-,-,-,-,-,-,-,-,-,-,-,-,-,-,-,   0
Região de Planejamento 3.3,   1,   523,   652,   348,   94,   123,   149,   194,   98,  1 307,   452,   11,  3 038,  1 052,  8 699,  22 619,  1 898,   805,  11 969,  6 109,  8 396,  4 939,  12 101,   269,   111,   0,  85 957
XIV Irajá,   0,   349,   188,   40,   10,   119,   37,   30,   20,   113,   95,   0,   215,   311,  7 602,  8 809,   621,   284,  2 658,   661,  3 185,  1 360,  2 608,   0,   9,   0,  29 324
Vila Cosmos,-,-,-,   7,-,   4,   5,-,   1,   1,-,-,   22,-,   43,   207,   11,   87,   78,   1,   89,   73,   255,-,   8,-,   892
Vicente de Carvalho,-,   3,   55,   4,-,   103,   15,   8,   4,   18,-,-,   6,-,   38,  1 512,   32,   15,   258,   54,   395,   36,   218,-,   1,-,  2 775
Vila da Penha,-,-,   12,   5,   1,-,   1,-,   2,   10,   52,-,   29,-,   65,  2 306,   320,   51,  1 023,   97,  1 313,  1 089,  1 110,-,-,-,  7 486
Vista Alegre,-,-,-,   6,-,   1,-,-,-,-,   8,-,   20,-,   13,   757,   27,   42,   356,   111,   417,   61,   244,-,-,-,  2 063
Irajá,-,   17,   30,   18,-,   11,   11,   15,   4,   33,   30,-,   89,-,  7 409,  3 740,   149,   61,   875,   378,   948,   101,   728,-,-,-,  14 647
Colégio,-,   329,   91,-,   9,-,   5,   7,   9,   51,   5,-,   49,   311,   34,   287,   82,   28,   68,   20,   23,-,   53,-,-,-,  1 461
XV Madureira,   1,   174,   464,   308,   84,   4,   112,   164,   78,  1 194,   357,   11,  2 823,   741,  1 097,  13 810,  1 277,   521,  9 311,  5 448,  5 211,  3 579,  9 493,   269,   102,   0,  56 633
Campinho,-,-,   11,   6,-,-,-,-,-,-,   2,-,   26,-,   47,   374,   36,   1,   352,  2 007,   135,   223,   80,-,-,-,  3 300
Quintino Bocaiúva,-,   3,   15,   18,   7,-,   4,   3,   22,   319,   38,   11,   18,   29,   179,   352,   81,   6,   454,   53,   261,   5,  5 528,-,-,-,  7 406
Cavalcanti,   1,   1,   36,   86,-,-,-,   1,-,   37,   64,-,   14,   4,   33,   115,   23,-,   72,   29,   76,-,   40,-,-,-,   632
Engenheiro Leal,-,-,   10,-,-,-,   58,   6,-,   30,-,-,   8,-,   5,   41,   235,-,   1,   27,   23,-,-,-,-,-,   444
Cascadura,-,-,-,   11,   6,   3,   12,   21,   10,-,   21,-,   13,   704,   63,  2 255,   64,   133,   604,  1 205,   557,  1 480,  1 108,   1,-,-,  8 271
Madureira,-,   10,   33,   21,   2,-,   24,   48,   24,   30,   68,-,   19,-,   181,  6 855,   194,   281,  6 749,   348,  2 722,  1 220,  1 274,-,   95,-,  20 198
Vaz Lobo,-,   6,   16,   16,-,   1,   14,   1,   6,-,   30,-,   6,-,   7,   708,   29,   32,   93,   33,   240,   315,   91,-,-,-,  1 644
Turiaçú,-,   2,-,   7,   5,-,-,   6,-,   130,-,-,  2 512,   4,   256,   368,   268,-,   133,   26,   66,   3,   114,-,-,-,  3 900
Rocha Miranda,-,   2,   68,   70,   59,-,-,   35,   13,   311,   12,-,   7,-,   44,  1 043,   100,   49,   162,   303,   282,   116,   267,-,-,-,  2 943
Honório Gurgel,-,-,   219,   41,   5,-,-,-,-,   330,-,-,   10,-,   10,   89,   4,-,   43,   45,   80,   1,   63,-,-,-,   940
Oswaldo Cruz,-,-,   32,   5,-,-,-,   6,-,   2,   60,-,   73,-,   188,   276,   87,   1,   196,   643,   214,   5,   146,-,-,-,  1 934
Bento Ribeiro,-,   3,   10,   8,-,-,-,   30,   3,   4,   35,-,   13,-,   61,   565,   72,   1,   289,   693,   260,   16,   437,-,   7,-,  2 507
Marechal Hermes,-,   147,   14,   19,-,-,-,   7,-,   1,   27,-,   104,-,   23,   769,   84,   17,   163,   36,   295,   195,   345,   268,-,-,  2 514
Região de Planejamento 3.4,   57,   106,   656,   388,   67,   8,   234,   354,   54,   507,   211,   0,   360,   123,   843,  4 937,  2 078,   306,  9 909,  1 275,  4 538,   994,   799,   0,   197,   0,  29 001
XII Inhaúma,   57,   106,   656,   388,   67,   8,   234,   354,   54,   507,   211,   0,   360,   123,   843,  4 937,  2 078,   306,  9 909,  1 275,  4 538,   994,   799,   0,   197,   0,  29 001
Higienópolis,   1,-,   11,   286,   19,   6,   5,   119,   13,   67,   122,-,   20,-,   87,   541,   213,   7,   434,   117,   140,   29,   201,-,   48,-,  2 486
Maria da Graça,-,-,   2,   19,   16,-,   6,   63,   9,   50,   25,-,   19,   33,   113,   236,   55,-,  1 683,   124,   194,   6,   59,-,-,-,  2 712
Del Castilho,-,-,   40,   42,-,-,-,   5,   2,   34,   41,-,   11,-,   72,  1 087,   117,   26,   931,   190,  1 695,   719,   56,-,-,-,  5 068
Inhaúma,-,   103,   500,   25,   15,   2,   169,   162,   30,   289,   22,-,   292,   89,   484,  2 378,  1 653,   272,  6 314,   763,  2 388,   123,   347,-,   149,-,  16 569
Engenho da Rainha,   38,-,-,   11,   16,-,   20,-,-,   39,   1,-,   18,-,   63,   574,   20,   1,   371,   32,   106,   117,   125,-,-,-,  1 552
Tomás Coelho,   18,   3,   103,   5,   1,-,   34,   5,-,   28,-,-,-,   1,   24,   121,   20,-,   176,   49,   15,-,   11,-,-,-,   614
XXIX Complexo do Alemão,   0,   0,   0,   0,   0,   0,   0,   0,   0,   0,   0,   0,   0,   0,   0,   0,   0,   0,   0,   0,   0,   0,   0,   0,   0,   0,   0
Complexo do Alemão,-,-,-,-,-,-,-,-,-,-,-,-,-,-,-,-,-,-,-,-,-,-,-,-,-,-,   0
Região de Planejamento 3.5,   25,   34,  1 038,   882,   100,   348,   88,   191,   230,  1 405,  4 672,   126,  1 005,   586,  1 888,  10 042,  8 021,   382,  8 819,  8 440,  3 305,  1 699,  2 021,  8 309,   46,   0,  63 702
XI Penha,   0,   32,   342,   362,   97,   100,   18,   152,   149,   190,  2 486,   122,   534,   308,  1 205,  6 785,  4 269,   365,  6 402,  4 466,  2 703,  1 504,  1 562,  8 116,   12,   0,  42 281
Penha,-,   25,   126,   201,   33,   58,   3,   50,   122,   82,   288,   120,   270,   31,   729,  3 506,  2 250,   217,  1 354,  1 221,  2 092,   861,  1 010,  8 116,   1,-,  22 766
Penha Circular,-,   5,   162,   143,   20,   40,   12,   40,   27,   108,  2 176,   2,   257,   277,   454,  2 418,  1 812,   134,  4 864,  3 008,   459,   627,   335,-,   11,-,  17 391
Brás de Pina,-,   2,   54,   18,   44,   2,   3,   62,-,-,   22,-,   7,-,   22,   861,   207,   14,   184,   237,   152,   16,   217,-,-,-,  2 124
XXXI Vigário Geral,   25,   2,   696,   520,   3,   248,   70,   39,   81,  1 215,  2 186,   4,   471,   278,   683,  3 257,  3 752,   17,  2 417,  3 974,   602,   195,   459,   193,   34,   0,  21 421
Cordovil,   25,   2,   217,   2,-,   110,   2,   15,   6,   192,   5,   4,   57,   1,   259,   549,  1 397,-,   215,  2 079,   152,   167,   150,-,-,-,  5 606
Parada de Lucas,-,-,   61,   11,-,   5,   2,   3,   24,   324,   544,-,   1,   183,   19,   846,   207,   11,  1 626,   102,   110,   4,   76,-,-,-,  4 159
Vigário Geral,-,-,   359,   488,   2,   99,   27,   3,   2,   686,  1 545,-,   250,-,   318,  1 288,  1 993,   5,   371,  1 508,   210,   3,   88,   193,-,-,  9 438
Jardim América,-,-,   59,   19,   1,   34,   39,   18,   49,   13,   92,-,   163,   94,   87,   574,   155,   1,   205,   285,   130,   21,   145,-,   34,-,  2 218
Região de Planejamento 3.6,   0,   202,   492,  1 462,   526,   39,   5,   425,   127,   645,   171,   0,   481,   66,   901,  8 392,  9 049,   130,  1 199,  5 586,  2 384,   376,  1 645,   0,   42,   0,  34 345
XXII Anchieta,   0,   166,   23,   31,   2,   8,   1,   276,   39,   156,   96,   0,   191,   0,   157,  3 161,   198,   26,   452,  1 176,   974,   301,   857,   0,   7,   0,  8 298
Guadalupe,-,   164,   6,   12,-,   1,-,   226,-,   122,   14,-,   17,-,   27,  1 689,   112,   2,   160,   63,   446,   70,   327,-,-,-,  3 458
Anchieta,-,-,   4,   18,-,-,   1,   33,   19,   5,   63,-,   130,-,   84,   957,   59,   2,   30,   968,   162,   49,   288,-,   7,-,  2 879
Parque Anchieta,-,-,   6,   1,-,-,-,   16,   16,   28,   3,-,   27,-,   17,   151,   10,   3,   125,   10,   163,-,   93,-,-,-,   669
Ricardo de Albuquerque,-,   2,   7,-,   2,   7,-,   1,   4,   1,   16,-,   17,-,   29,   364,   17,   19,   137,   135,   203,   182,   149,-,-,-,  1 292
XXV Pavuna,   0,   36,   469,  1 431,   524,   31,   4,   149,   88,   489,   75,   0,   290,   66,   744,  5 231,  8 851,   104,   747,  4 410,  1 410,   75,   788,   0,   35,   0,  26 047
Coelho Neto,-,   35,   14,   16,   25,-,-,   3,   3,   19,   12,-,   15,   35,   104,  1 616,  7 167,   51,   223,   392,   287,   5,   132,-,   20,-,  10 174
Acari,-,-,   15,   44,-,-,-,-,-,-,-,-,   9,-,   3,   785,   80,-,   71,   29,   76,-,   17,-,-,-,  1 129
Barros Filho,-,-,   91,   95,-,-,-,-,-,   105,-,-,   204,   29,   2,   521,   171,-,   83,   58,   22,-,   63,-,-,-,  1 444
Costa Barros,-,-,-,-,-,-,-,-,-,-,   1,-,   1,-,   2,   142,   63,-,   5,-,   10,   9,   46,-,   3,-,   282
Pavuna,-,   1,   349,  1 276,   499,   31,   4,   146,   85,   365,   62,-,   61,   2,   633,  2 167,  1 370,   53,   365,  3 931,  1 015,   61,   530,-,   12,-,  13 018
Parque Colúmbia,-,-,-,-,-,-,-,-,-,-,-,-,-,-,-,-,-,-,-,-,-,-,-,-,-,-,   0
Região de Planejamento 3.7,   0,   15,   34,   23,   4,   931,   16,   11,   19,  1 103,   28,   0,  1 110,   12,  1 259,  7 008,   729,   394,  6 989,  6 667,  3 701,  1 786,  15 585,  2 469,   10,   0,  49 903
XX Ilha do Governador,   0,   15,   34,   23,   4,   931,   16,   11,   19,  1 103,   28,   0,  1 110,   12,  1 259,  7 008,   729,   394,  6 989,  6 667,  3 701,  1 786,  15 585,  2 469,   10,   0,  49 903
Ribeira,-,-,   23,-,-,-,-,-,-,   591,-,-,   26,-,   71,   137,   52,-,   56,   352,   202,   24,   5,-,-,-,  1 539
Zumbi,-,-,-,-,-,   1,-,-,-,-,-,-,   1,-,   6,   59,   7,-,   11,-,   13,   170,   7,-,-,-,   275
Cacuia,-,-,-,   1,-,   2,-,-,-,-,   6,-,   13,-,   59,  1 284,   30,   54,   242,   822,   93,   91,   128,   1,-,-,  2 826
Pitangueiras,-,   13,-,-,-,-,-,-,-,-,-,-,-,-,   12,   17,-,-,   23,   4,   2,-,-,-,-,-,   71
Praia da Bandeira,-,-,-,   4,-,-,-,-,   1,-,   1,-,   15,-,   10,   235,   1,-,   92,-,   44,   6,   97,-,-,-,   506
Cocotá,-,-,-,-,-,-,-,-,-,-,-,-,   10,-,   31,   175,   16,   49,   182,   30,   241,   32,   97,   56,-,-,   919
Bancários,-,-,   2,-,-,-,-,-,-,-,   1,-,   2,-,   2,   122,   53,-,   30,   9,   73,   1,   59,-,-,-,   354
Freguesia - Ilha do Governador,-,-,-,-,-,   1,-,-,-,-,-,-,   17,-,   7,   454,   9,   7,   60,   30,   113,   15,   190,  1 758,-,-,  2 661
Jardim Guanabara,-,-,   1,   10,   4,-,   7,   8,   9,-,   6,-,   44,-,   102,   776,   257,   152,   859,   541,   885,   407,   996,   247,   8,-,  5 319
Jardim Carioca,-,-,-,   4,-,   1,   9,-,-,-,   4,-,   23,-,   64,  1 380,   36,   22,   390,   99,   472,   57,   439,-,   1,-,  3 001
Tauá,-,-,   1,-,-,-,-,-,   9,-,   2,-,   7,-,   37,   355,   30,-,   228,   93,   137,   48,   401,-,-,-,  1 348
Moneró,-,-,-,-,-,   206,-,-,-,   8,-,-,-,-,   1,   216,   9,   10,   61,   52,   91,   647,   39,-,-,-,  1 340
Portuguesa,-,   2,-,   4,-,-,-,-,-,   305,-,-,   37,-,   15,   906,   12,   7,  1 137,   62,   327,   113,   113,-,   1,-,  3 041
Galeão,-,-,-,-,-,   717,-,   3,-,   1,   8,-,   902,-,   41,   884,   130,   82,  1 210,  4 525,   907,   119,  2 113,   165,-,-,  11 807
Cidade Universitária,-,-,   7,-,-,   3,-,-,-,   198,-,-,   13,   12,   801,   8,   87,   11,  2 408,   48,   101,   56,  10 901,   242,-,-,  14 896
,,,,,,,,,,,,,,,,,,,,,,,,,,,   0
Área de Planejamento 4,   315,   281,   521,   590,   653,   123,   453,   639,  2 332,  4 359,   767,   3,  8 084,   645,  14 304,  57 508,  12 209,  5 803,  59 682,  17 563,  56 886,  18 973,  19 390,   253,  1 048,   0,  283 384
Região de Planejamento 4.1,   68,   158,   335,   379,   474,   87,   402,   431,   697,  3 963,   554,   3,  6 622,   364,  6 844,  23 424,  6 799,   972,  18 017,  8 027,  19 376,  6 778,  9 366,   251,   241,   0,  114 632
XVI Jacarepaguá,   68,   158,   327,   379,   474,   87,   402,   389,   697,  3 963,   554,   3,  6 622,   364,  6 766,  23 180,  6 709,   972,  17 803,  7 986,  19 353,  6 771,  9 326,   251,   241,   0,  113 845
Jacarepaguá,-,   22,   71,   57,   405,   4,   3,   27,   4,   109,   14,-,  3 165,   33,   575,  3 289,   610,   110,  1 484,   709,  7 263,  1 389,  1 197,-,   14,-,  20 554
Anil,-,   18,-,   23,-,-,   161,   10,   41,   9,   245,-,   71,-,   226,  1 006,   621,   8,   647,  1 083,   575,   34,   394,-,   48,-,  5 220
Gardênia Azul,-,   15,-,   4,   5,-,   46,   22,   2,-,   82,-,   435,   1,   84,   925,   351,   1,   130,   258,   256,   23,   188,-,   1,-,  2 829
Curicica,   46,   24,   66,   38,   21,   18,   43,   51,   19,  2 631,   35,-,  1 070,   4,   877,  2 635,   220,   39,  2 663,   512,   568,   61,   714,-,   60,-,  12 415
Freguesia - Jacarepaguá,-,-,   96,   24,   2,   2,-,   13,   7,   11,   35,   3,  1 369,   6,   596,  3 503,   823,   188,  4 086,  3 795,  2 524,  2 239,  1 753,   251,   19,-,  21 345
Pechincha,-,   9,-,   22,   16,   54,   1,   116,   10,   14,   16,-,   101,   167,  1 969,  1 868,  2 654,   130,  2 245,   145,  1 261,   117,  1 625,-,   23,-,  12 563
Taquara,   22,   50,   92,   87,   16,   8,   113,   137,   611,  1 161,   86,-,   264,   152,  1 532,  5 459,  1 088,   295,  4 056,   787,  4 394,  1 397,  1 787,-,   33,-,  23 627
Tanque,-,   8,-,   113,-,   1,   35,   13,   1,   15,   18,-,   93,   1,   494,  1 506,   142,   41,   824,   39,   782,   139,   307,-,   1,-,  4 573
Praça Seca,-,   3,-,   8,   9,-,-,-,   1,-,   10,-,   18,-,   157,  1 045,   137,   75,   685,   12,   535,   119,   281,-,   22,-,  3 117
Vila Valqueire,-,   9,   2,   3,-,-,-,-,   1,   13,   13,-,   36,-,   256,  1 944,   63,   85,   983,   646,  1 195,  1 253,  1 080,-,   20,-,  7 602
XXXIV Cidade de Deus,   0,   0,   8,   0,   0,   0,   0,   42,   0,   0,   0,   0,   0,   0,   78,   244,   90,   0,   214,   41,   23,   7,   40,   0,   0,   0,   787
Cidade de Deus,-,-,   8,-,-,-,-,   42,-,-,-,-,-,-,   78,   244,   90,-,   214,   41,   23,   7,   40,-,-,-,   787
Região de Planejamento 4.2,   247,   123,   186,   211,   179,   36,   51,   208,  1 635,   396,   213,   0,  1 462,   281,  7 460,  34 084,  5 410,  4 831,  41 665,  9 536,  37 510,  12 195,  10 024,   2,   807,   0,  168 752
XXIV Barra da Tijuca,   247,   123,   186,   211,   179,   36,   51,   208,  1 635,   396,   213,   0,  1 462,   281,  7 460,  34 084,  5 410,  4 831,  41 665,  9 536,  37 510,  12 195,  10 024,   2,   807,   0,  168 752
Joá,-,-,-,   7,-,-,-,-,   1,-,-,-,-,-,-,   21,   10,   3,   121,   1,   78,   6,   323,-,-,-,   571
Itanhangá,-,-,-,   10,-,-,-,   6,-,-,   1,-,   9,-,   23,  1 049,   31,   1,   190,   99,   134,   54,   537,-,   15,-,  2 159
Barra da Tijuca,   247,   115,   177,   181,   179,   30,   51,   197,  1 602,   379,   187,-,  1 220,   263,  6 956,  30 269,  5 041,  4 775,  35 526,  9 041,  33 936,  11 588,  6 249,   2,   605,-,  148 816
Camorim,-,-,-,-,-,-,-,   1,   1,-,-,-,-,-,   18,   14,   1,-,   11,-,   7,-,   5,-,-,-,   58
Vargem Pequena,-,   8,   4,-,-,-,-,   1,-,   2,-,-,   16,   17,   21,   168,   124,   13,   182,   2,   81,   101,   104,-,   16,-,   860
Vargem Grande,-,-,   4,-,-,-,-,-,   18,   13,-,-,   127,-,   16,   381,   36,   25,   157,   76,   813,   87,   85,-,   84,-,  1 922
Recreio dos Bandeirantes,-,-,   1,   13,-,   6,-,   3,   13,   2,   25,-,   90,   1,   426,  2 182,   167,   14,  5 478,   317,  2 434,   359,  2 721,-,   87,-,  14 339
Grumari,-,-,-,-,-,-,-,-,-,-,-,-,-,-,-,-,-,-,-,-,   27,-,-,-,-,-,   27
,,,,,,,,,,,,,,,,,,,,,,,,,,,   0
Área de Planejamento 5,   46,  1 468,  6 696,  1 260,   80,   260,   394,  2 354,  4 610,  3 123,   903,   0,  4 862,  1 422,  6 342,  52 314,  5 281,  1 434,  15 438,  7 191,  18 669,  10 671,  13 932,  2 231,   583,   0,  161 564
Região de Planejamento 5.1,   33,   66,   191,   119,   32,   9,   36,   112,   789,   170,   300,   0,   577,   751,  1 087,  17 065,  1 374,   470,  3 827,  1 927,  9 249,  2 757,  4 975,   171,   37,   0,  46 124
XVII Bangu,   33,   22,   106,   80,   1,   7,   17,   28,   27,   37,   79,   0,   365,   18,   522,  10 243,  1 002,   266,  2 866,  1 260,  4 061,  2 279,  2 562,   0,   29,   0,  25 910
Padre Miguel,-,   3,   14,   7,   1,-,-,-,   16,-,   7,-,   55,   1,   57,  1 273,   44,   17,   270,   185,   603,   325,   581,-,   1,-,  3 460
Bangu,   33,   19,   52,   10,-,   7,   5,   23,   11,   31,   63,-,   293,   17,   369,  8 365,   365,   247,  2 363,   801,  2 838,  1 952,  1 712,-,   20,-,  19 596
Senador Camará,-,-,   40,   63,-,-,   12,   5,-,   6,   9,-,   17,-,   96,   605,   593,   2,   233,   274,   620,   2,   269,-,   8,-,  2 854
Gericinó,-,-,-,-,-,-,-,-,-,-,-,-,-,-,-,-,-,-,-,-,-,-,-,-,-,-,   0
XXXIII Realengo,   0,   44,   85,   39,   31,   2,   19,   84,   762,   133,   221,   0,   212,   733,   565,  6 822,   372,   204,   961,   667,  5 188,   478,  2 413,   171,   8,   0,  20 214
Deodoro,-,-,-,-,-,-,-,-,-,-,   68,-,   27,   584,-,   119,   5,   90,   3,   3,   96,-,   55,-,-,-,  1 050
Vila Militar,-,-,-,-,-,-,-,-,-,-,   8,-,   2,-,-,   1,-,-,-,-,   9,-,-,-,-,-,   20
Campo dos Afonsos,-,-,-,-,-,-,-,-,-,-,   7,-,   3,-,   74,   416,   25,   40,   66,   98,   204,   1,   19,-,-,-,   953
Jardim Sulacap,-,   10,   15,   28,-,-,-,-,-,-,   18,-,   47,-,   40,  1 290,   56,   9,   217,   205,   944,   13,   296,-,-,-,  3 188
Magalhães Bastos,-,   27,   28,   4,-,-,-,   1,-,-,   25,-,   8,-,   80,   194,   52,   3,   99,   89,   40,   1,   105,-,   1,-,   757
Realengo,-,   7,   42,   7,   31,   2,   19,   83,   762,   133,   95,-,   125,   149,   371,  4 802,   234,   62,   576,   272,  3 895,   463,  1 938,   171,   7,-,  14 246
Região de Planejamento 5.2,   6,   981,   538,   695,   38,   154,   45,   99,  3 766,  1 107,   441,   0,  3 369,   464,  2 476,  24 252,  2 825,   715,  8 720,  3 744,  5 935,  5 057,  6 202,   428,   216,   0,  72 273
XVIII Campo Grande,   6,   981,   538,   695,   38,   154,   45,   99,  3 766,  1 107,   441,   0,  3 369,   464,  2 476,  24 252,  2 825,   715,  8 720,  3 744,  5 935,  5 057,  6 202,   428,   216,   0,  72 273
Santíssimo,-,   9,-,   3,-,-,-,-,-,   46,   3,-,   11,-,   60,   807,   5,-,   101,   197,   60,   9,   192,-,-,-,  1 503
Campo Grande,   6,   926,   516,   623,   38,   136,   18,   81,  3 765,   979,   396,-,  3 314,   455,  1 856,  21 270,  2 641,   710,  7 978,  2 492,  5 607,  4 990,  5 510,   428,   216,-,  64 951
Senador Vasconcelos,-,   25,   6,   55,-,   11,   7,-,   1,   2,-,-,   19,-,   237,   490,   47,   2,   237,   26,   104,   35,   110,-,-,-,  1 414
Inhoaíba,-,   16,   6,   10,-,   7,   8,   11,-,   80,   12,-,   6,   9,   210,   833,   34,-,   103,   717,   72,   6,   136,-,-,-,  2 276
Cosmos,-,   5,   10,   4,-,-,   12,   7,-,-,   30,-,   19,-,   113,   852,   98,   3,   301,   312,   92,   17,   254,-,-,-,  2 129
Região de Planejamento 5.3,   6,   328,  5 965,   422,   1,   97,   239,  2 099,   50,   506,   135,   0,   817,   207,  2 060,  8 420,   837,   236,  1 710,   976,  2 716,  2 798,  2 181,  1 632,   39,   0,  34 477
XIX Santa Cruz,   6,   328,  5 965,   422,   1,   97,   239,  2 099,   50,   506,   135,   0,   817,   207,  2 060,  8 420,   837,   236,  1 710,   976,  2 716,  2 798,  2 181,  1 632,   39,   0,  34 477
Paciência,-,   15,   27,-,-,-,   214,   8,   7,   60,   91,-,   595,   1,   109,  1 357,   487,-,   187,   113,   241,   30,   373,-,-,-,  3 915
Santa Cruz,   6,   313,  5 934,   421,   1,   87,   25,  2 077,   43,   446,   44,-,   190,   206,  1 888,  6 492,   292,   224,  1 430,   772,  2 203,  2 754,  1 569,  1 632,   38,-,  29 087
Sepetiba,-,-,   4,   1,-,   10,-,   14,-,-,-,-,   32,-,   63,   571,   58,   12,   93,   91,   272,   14,   239,-,   1,-,  1 475
Região de Planejamento 5.4,   1,   93,   2,   24,   9,   0,   74,   44,   5,  1 340,   27,   0,   99,   0,   719,  2 577,   245,   13,  1 181,   544,   769,   59,   574,   0,   291,   0,  8 690
XXVI Guaratiba,   1,   93,   2,   24,   9,   0,   74,   44,   5,  1 340,   27,   0,   99,   0,   719,  2 577,   245,   13,  1 181,   544,   769,   59,   574,   0,   291,   0,  8 690
Guaratiba,   1,   93,   2,   8,   9,-,   74,   44,   5,  1 340,   14,-,   90,-,   706,  1 981,   242,   8,   922,   432,   611,   47,   405,-,   279,-,  7 313
Barra de Guaratiba,-,-,-,-,-,-,-,-,-,-,-,-,-,-,-,   35,   3,-,   153,   7,   55,-,-,-,   11,-,   264
Pedra de Guaratiba,-,-,-,   16,-,-,-,-,-,-,   13,-,   9,-,   13,   561,-,   5,   106,   105,   103,   12,   169,-,   1,-,  1 113
,,,,,,,,,,,,,,,,,,,,,,,,,,,   0
Ignorado,  2 274,   48,   618,   447,   68,   46,   111,   376,   299,  1 040,  2 325,-,  1 444,  20 803,  6 707,  14 981,  5 037,  3 386,  22 467,  12 736,  16 093,  7 512,  3 486,  20 910,   318,-,  143 532
Desconsiderados (1),-,-,-,-,-,-,-,-,-,   58,-,-,-,-,-,   21,-,-,   13,-,   24,-,   25,  2 769,-,-,  2 910
,,,,,,,,,,,,,,,,,,,,,,,,,,,
,,,,,,,,,,,,,,,,,,,,,,,,,,,
"Notas: (1) Esta categoria incorpora informações dadas pelos respondentes de localidades que não são bairros oficiais, ou não puderam ser apropriadas em nenhum deles.",,,,,,,,,,,,,,,,,,,,,,,,,,,
               A RAIS é um registro administrativo que expressa os vínculos formais em 31/12 de cada ano.,,,,,,,,,,,,,,,,,,,,,,,,,,,
              - Dado numérico igual a zero não resultante de arredondamento.,,,,,,,,,,,,,,,,,,,,,,,,,,,
